FSA_CODE,name
39043,Erie (OH)
31039,Cuming (NE)
53069,Wahkiakum (WA)
35011,De Baca (NM)
31109,Lancaster (NE)
31129,Nuckolls (NE)
72025,Caguas (PR)
46099,Minnehaha (SD)
48327,Menard (TX)
06091,Sierra (CA)
21053,Clinton (KY)
39063,Hancock (OH)
48189,Hale (TX)
01027,Clay (AL)
48011,Armstrong (TX)
39003,Allen (OH)
13189,McDuffie (GA)
55111,Sauk (WI)
05137,Stone (AR)
41063,Wallowa (OR)
42007,Beaver (PA)
28061,Jasper (MS)
29083,Henry (MO)
08109,Saguache (CO)
37037,Chatham (NC)
49033,Rich (UT)
40001,Adair (OK)
39085,Lake (OH)
51161,"Roanoke, Roanoke City, Salem City (VA)"
51121,"Montgomery, Radford City (VA)"
47065,Hamilton (TN)
35035,Otero (NM)
35003,Catron (NM)
01091,Marengo (AL)
56023,Lincoln (WY)
29011,Barton (MO)
48057,Calhoun (TX)
51199,"York, Poquoson City (VA)"
54075,Pocahontas (WV)
48077,Clay (TX)
51095,"James City, Williamsburg City (VA)"
31101,Keith (NE)
31137,Phelps (NE)
22019,Calcasieu (LA)
22111,Union (LA)
40135,Sequoyah (OK)
01049,DeKalb (AL)
36101,Steuben (NY)
42053,Forest (PA)
22105,Tangipahoa (LA)
51179,Stafford (VA)
26109,Menominee (MI)
18073,Jasper (IN)
13025,Brantley (GA)
13171,Lamar (GA)
18151,Steuben (IN)
48361,Orange (TX)
39047,Fayette (OH)
25015,Hampshire (MA)
21003,Allen (KY)
37001,Alamance (NC)
20073,Greenwood (KS)
25025,Suffolk (MA)
16051,Jefferson (ID)
48177,Gonzales (TX)
47115,Marion (TN)
26007,Alpena (MI)
21231,Wayne (KY)
47185,White (TN)
48147,Fannin (TX)
20043,Doniphan (KS)
48265,Kerr (TX)
12053,Hernando (FL)
12129,Wakulla (FL)
12131,Walton (FL)
28017,Chickasaw (MS)
02005,Palmer (AK)
26035,Clare (MI)
20157,Republic (KS)
12127,Volusia (FL)
40017,Canadian (OK)
72013,Arecibo (PR)
52005,St. Thomas (VI)
13115,Floyd (GA)
32001,Churchill (NV)
31181,Webster (NE)
17067,Hancock (IL)
46067,Hutchinson (SD)
41013,Crook (OR)
50011,Franklin (VT)
26103,Marquette (MI)
09007,Middlesex (CT)
37057,Davidson (NC)
17025,Clay (IL)
29103,Knox (MO)
29117,Livingston (MO)
42117,Tioga (PA)
31043,Dakota (NE)
26089,Leelanau (MI)
51181,Surry (VA)
48391,Refugio (TX)
39017,Butler (OH)
13273,Terrell (GA)
13063,Clayton (GA)
56013,Fremont (WY)
18115,Ohio (IN)
13073,Columbia (GA)
08115,Sedgwick (CO)
30065,Musselshell (MT)
42043,Dauphin (PA)
46101,Moody (SD)
54079,Putnam (WV)
34037,Sussex (NJ)
20039,Decatur (KS)
18123,Perry (IN)
28145,Union (MS)
31015,Boyd (NE)
27095,Mille Lacs (MN)
38099,Walsh (ND)
39115,Morgan (OH)
39133,Portage (OH)
56041,Uinta (WY)
32013,Humboldt (NV)
48247,Jim Hogg (TX)
08017,Cheyenne (CO)
41005,Clackamas (OR)
05113,Polk (AR)
13193,Macon (GA)
18007,Benton (IN)
47129,Morgan (TN)
46043,Douglas (SD)
24047,Worcester (MD)
17185,Wabash (IL)
18069,Huntington (IN)
21209,Scott (KY)
19053,Decatur (IA)
18169,Wabash (IN)
18003,Allen (IN)
18099,Marshall (IN)
31171,Thomas (NE)
38085,Sioux (ND)
48127,Dimmit (TX)
27045,Fillmore (MN)
45023,Chester (SC)
27073,Lac qui Parle (MN)
49005,Cache (UT)
55093,Pierce (WI)
13049,Charlton (GA)
13233,Polk (GA)
17113,McLean (IL)
23001,Androscoggin (ME)
16055,"Kootenai, North Shoshone (ID)"
32003,Clark (NV)
20147,Phillips (KS)
31089,Holt (NE)
29101,Johnson (MO)
55063,La Crosse (WI)
22021,Caldwell (LA)
21061,Edmonson (KY)
17005,Bond (IL)
17009,Brown (IL)
27085,McLeod (MN)
55033,Dunn (WI)
08027,Custer (CO)
29123,Madison (MO)
48353,Nolan (TX)
42127,Wayne (PA)
36091,Saratoga (NY)
48041,Brazos (TX)
40095,Marshall (OK)
24001,Allegany (MD)
54103,Wetzel (WV)
55053,Jackson (WI)
41007,Clatsop (OR)
53041,Lewis (WA)
36003,Allegany (NY)
19031,Cedar (IA)
18117,Orange (IN)
13089,DeKalb (GA)
13227,Pickens (GA)
30015,Chouteau (MT)
31017,Brown (NE)
47013,Campbell (TN)
37069,Franklin (NC)
24510,Baltimore (MD)
20111,Lyon (KS)
19027,Carroll (IA)
22107,Tensas (LA)
47123,Monroe (TN)
20075,Hamilton (KS)
19151,Pocahontas (IA)
16045,Gem (ID)
05063,Independence (AR)
05085,Lonoke (AR)
18111,Newton (IN)
13119,Franklin (GA)
12051,Hendry (FL)
13265,Taliaferro (GA)
48245,Jefferson (TX)
30059,Meagher (MT)
08067,La Plata (CO)
48027,Bell (TX)
28069,Kemper (MS)
05019,Clark (AR)
41035,Klamath (OR)
36075,Oswego (NY)
72047,Corozal (PR)
01019,Cherokee (AL)
48019,Bandera (TX)
30087,Rosebud (MT)
35059,Union (NM)
26153,Schoolcraft (MI)
36111,Ulster (NY)
34007,Camden (NJ)
17083,Jersey (IL)
51085,Hanover (VA)
20199,Wallace (KS)
26003,Alger (MI)
05049,Fulton (AR)
48215,Hidalgo (TX)
37155,Robeson (NC)
26123,Newaygo (MI)
41049,Morrow (OR)
27153,Todd (MN)
05083,Logan (AR)
37109,Lincoln (NC)
05091,Miller (AR)
12095,Orange (FL)
08111,San Juan (CO)
16041,Franklin (ID)
13045,Carroll (GA)
20161,Riley (KS)
48413,Schleicher (TX)
51167,Russell (VA)
37027,Caldwell (NC)
16065,Madison (ID)
18173,Warrick (IN)
21001,Adair (KY)
21077,Gallatin (KY)
21097,Harrison (KY)
23023,Sagadahoc (ME)
30097,Sweet Grass (MT)
48181,Grayson (TX)
42059,Greene (PA)
02001,Northwest Arctic Borough (AK)
20051,Ellis (KS)
01065,Hale (AL)
01105,Perry (AL)
01033,Colbert (AL)
20151,Pratt (KS)
21017,Bourbon (KY)
47149,Rutherford (TN)
13075,Cook (GA)
20101,Lane (KS)
40059,Harper (OK)
17147,Piatt (IL)
48107,Crosby (TX)
72025,Caguas (PR)
01063,Greene (AL)
16033,Clark (ID)
19109,Kossuth (IA)
72025,Caguas (PR)
38013,Burke (ND)
37063,Durham (NC)
19085,Harrison (IA)
31103,Keya Paha (NE)
19187,Webster (IA)
17151,Pope (IL)
47159,Smith (TN)
51089,"Henry, Martinsville City (VA)"
51510,Alexandria (VA)
19101,Jefferson (IA)
30049,Lewis and Clark (MT)
49013,Duchesne (UT)
40003,Alfalfa (OK)
48119,Delta (TX)
47169,Trousdale (TN)
21193,Perry (KY)
46039,Deuel (SD)
41029,Jackson (OR)
72097,Mayaguez (PR)
48507,Zavala (TX)
31007,Banner (NE)
19121,Madison (IA)
12011,Broward (FL)
13279,Toombs (GA)
26151,Sanilac (MI)
48397,Rockwall (TX)
26163,Wayne (MI)
27105,Nobles (MN)
27001,Aitkin (MN)
38071,Ramsey (ND)
37145,Person (NC)
20195,Trego (KS)
28151,Washington (MS)
48133,Eastland (TX)
28055,Issaquena (MS)
48123,DeWitt (TX)
48005,Angelina (TX)
45081,Saluda (SC)
29125,Maries (MO)
05001,Arkansas (AR)
29109,Lawrence (MO)
51003,"Albemarle, Charlottesville City (VA)"
17011,Bureau (IL)
39145,Scioto (OH)
37115,Madison (NC)
16053,Jerome (ID)
39163,Vinton (OH)
48309,McLennan (TX)
19089,Howard (IA)
12099,Palm Beach (FL)
13181,Lincoln (GA)
01013,Butler (AL)
47165,Sumner (TN)
51097,King and Queen (VA)
05015,Carroll (AR)
51820,Waynesboro (VA)
02005,Palmer (AK)
41051,Multnomah (OR)
47061,Grundy (TN)
27057,Hubbard (MN)
38081,Sargent (ND)
36089,St. Lawrence (NY)
29179,Reynolds (MO)
06067,Sacramento (CA)
39125,Paulding (OH)
18179,Wells (IN)
51063,Floyd (VA)
06083,Santa Barbara (CA)
54005,Boone (WV)
28009,Benton (MS)
21055,Crittenden (KY)
19147,Palo Alto (IA)
19159,Ringgold (IA)
37151,Randolph (NC)
24015,Cecil (MD)
18171,Warren (IN)
31077,Greeley (NE)
31095,Jefferson (NE)
31151,Saline (NE)
21119,Knott (KY)
19045,Clinton (IA)
27063,Jackson (MN)
27039,Dodge (MN)
27047,Freeborn (MN)
06009,Calaveras (CA)
25001,Barnstable (MA)
51119,Middlesex (VA)
42065,Jefferson (PA)
18089,Lake (IN)
47003,Bedford (TN)
47027,Clay (TN)
17029,Coles (IL)
47097,Lauderdale (TN)
41001,Baker (OR)
36097,Schuyler (NY)
26159,Van Buren (MI)
17131,Mercer (IL)
21127,Lawrence (KY)
21175,Morgan (KY)
21177,Muhlenberg (KY)
17049,Effingham (IL)
47105,Loudon (TN)
46025,Clark (SD)
15003,Honolulu (HI)
12041,Gilchrist (FL)
18157,Tippecanoe (IN)
42109,Snyder (PA)
48277,Lamar (TX)
12025,"Dade,Monroe (FL)"
31057,Dundy (NE)
48289,Leon (TX)
08097,Pitkin (CO)
38035,Grand Forks (ND)
18091,LaPorte (IN)
18057,Hamilton (IN)
51081,"Greensville, Emporia City (VA)"
40081,Lincoln (OK)
20071,Greeley (KS)
13145,Harris (GA)
13251,Screven (GA)
72025,Caguas (PR)
48433,Stonewall (TX)
39069,Henry (OH)
33009,Grafton (NH)
29145,Newton (MO)
18129,Posey (IN)
48311,McMullen (TX)
17035,Cumberland (IL)
13297,Walton (GA)
27121,Pope (MN)
51157,Rappahannock (VA)
51009,Amherst (VA)
06111,Ventura (CA)
17033,Crawford (IL)
08093,Park (CO)
06037,Los Angeles (CA)
04027,Yuma (AZ)
13129,Gordon (GA)
19025,Calhoun (IA)
12055,Highlands (FL)
51005,"Alleghany, Covington City (VA)"
50017,Orange (VT)
20113,McPherson (KS)
04021,Pinal (AZ)
39051,Fulton (OH)
08003,Alamosa (CO)
12017,Citrus (FL)
72025,Caguas (PR)
72047,Corozal (PR)
47041,DeKalb (TN)
42031,Clarion (PA)
46097,Miner (SD)
46073,Jerauld (SD)
18031,Decatur (IN)
18037,Dubois (IN)
51057,Essex (VA)
45089,Williamsburg (SC)
36031,Essex (NY)
19195,Worth (IA)
40063,Hughes (OK)
51027,Buchanan (VA)
51005,"Alleghany, Covington City (VA)"
28087,Lowndes (MS)
18143,Scott (IN)
08099,Prowers (CO)
48435,Sutton (TX)
72097,Mayaguez (PR)
40101,Muskogee (OK)
29043,Christian (MO)
72013,Arecibo (PR)
28073,Lamar (MS)
18137,Ripley (IN)
38057,Mercer (ND)
13147,Hart (GA)
22049,Jackson (LA)
51133,Northumberland (VA)
48157,Fort Bend (TX)
55047,Green Lake (WI)
30073,Pondera (MT)
55127,Walworth (WI)
32021,Mineral (NV)
17057,Fulton (IL)
36103,"Suffolk, Nassau (NY)"
18161,Union (IN)
29119,McDonald (MO)
31157,Scotts Bluff (NE)
35047,San Miguel (NM)
01081,Lee (AL)
48367,Parker (TX)
38021,Dickey (ND)
38003,Barnes (ND)
27143,Sibley (MN)
13293,Upson (GA)
06097,Sonoma (CA)
26033,Chippewa (MI)
16019,Bonneville (ID)
13013,Barrow (GA)
13183,Long (GA)
48271,Kinney (TX)
40115,Ottawa (OK)
42033,Clearfield (PA)
26037,Clinton (MI)
72113,Ponce (PR)
17135,Montgomery (IL)
28003,Alcorn (MS)
28071,Lafayette (MS)
22043,Grant (LA)
29005,Atchison (MO)
17115,Macon (IL)
26149,St. Joseph (MI)
17055,Franklin (IL)
30033,Garfield (MT)
31001,Adams (NE)
27109,Olmsted (MN)
34035,"Somerset, Union (NJ)"
72025,Caguas (PR)
01097,Mobile (AL)
46087,McCook (SD)
01057,Fayette (AL)
01017,Chambers (AL)
37131,Northampton (NC)
08081,Moffat (CO)
21087,Green (KY)
18047,Franklin (IN)
37013,Beaufort (NC)
72141,Utuado (PR)
38015,Burleigh (ND)
37159,Rowan (NC)
26071,Iron (MI)
27067,Kandiyohi (MN)
21237,Wolfe (KY)
48149,Fayette (TX)
46081,Lawrence (SD)
23029,Washington (ME)
48045,Briscoe (TX)
26131,Ontonagon (MI)
28015,Carroll (MS)
41003,Benton (OR)
27133,Rock (MN)
42063,Indiana (PA)
22061,Lincoln (LA)
42099,Perry (PA)
46137,Ziebach (SD)
48203,Harrison (TX)
26013,Baraga (MI)
40131,Rogers (OK)
29019,Boone (MO)
72097,Mayaguez (PR)
40015,Caddo (OK)
08059,Jefferson (CO)
54011,Cabell (WV)
48383,Reagan (TX)
05141,Van Buren (AR)
08117,Summit (CO)
20035,Cowley (KS)
05071,Johnson (AR)
36041,Hamilton (NY)
51045,Craig (VA)
48083,Coleman (TX)
02001,Yukon-Koyukuk Census Area (AK)
04017,Navajo (AZ)
28085,Lincoln (MS)
48357,Ochiltree (TX)
48103,Crane (TX)
56003,Big Horn (WY)
47081,Hickman (TN)
28143,Tunica (MS)
29081,Harrison (MO)
72025,Caguas (PR)
18005,Bartholomew (IN)
13223,Paulding (GA)
39015,Brown (OH)
47141,Putnam (TN)
38101,Ward (ND)
25027,Worcester (MA)
39091,Logan (OH)
06031,Kings (CA)
06073,San Diego (CA)
72113,Ponce (PR)
13079,Crawford (GA)
72025,Caguas (PR)
29037,Cass (MO)
36027,Dutchess (NY)
48477,Washington (TX)
08101,Pueblo (CO)
29067,Douglas (MO)
38009,Bottineau (ND)
37051,Cumberland (NC)
56017,Hot Springs (WY)
26001,Alcona (MI)
06061,Placer (CA)
05129,Searcy (AR)
48305,Lynn (TX)
36077,Otsego (NY)
37153,Richmond (NC)
37093,Hoke (NC)
31131,Otoe (NE)
42023,Cameron (PA)
45035,Dorchester (SC)
27161,Waseca (MN)
46015,Brule (SD)
47177,Warren (TN)
17023,Clark (IL)
21201,Robertson (KY)
47095,Lake (TN)
45015,Berkeley (SC)
05051,Garland (AR)
20139,Osage (KS)
39155,Trumbull (OH)
48333,Mills (TX)
48359,Oldham (TX)
42019,Butler (PA)
16049,Idaho (ID)
20115,Marion (KS)
51029,Buckingham (VA)
37025,Cabarrus (NC)
29225,Webster (MO)
49011,Davis (UT)
27033,Cottonwood (MN)
12093,Okeechobee (FL)
13291,Union (GA)
19013,Black Hawk (IA)
48403,Sabine (TX)
39131,Pike (OH)
01125,Tuscaloosa (AL)
01131,Wilcox (AL)
28097,Montgomery (MS)
31099,Kearney (NE)
31087,Hitchcock (NE)
10003,New Castle (DE)
16081,Teton (ID)
17161,Rock Island (IL)
51073,Gloucester (VA)
05133,Sevier (AR)
18017,Cass (IN)
16077,Power (ID)
18015,Carroll (IN)
42101,Philadelphia (PA)
56043,Washakie (WY)
37029,Camden (NC)
36109,Tompkins (NY)
05069,Jefferson (AR)
05079,Lincoln (AR)
55123,Vernon (WI)
29093,Iron (MO)
48223,Hopkins (TX)
36001,Albany (NY)
48225,Houston (TX)
39111,Monroe (OH)
20165,Rush (KS)
18107,Montgomery (IN)
20187,Stanton (KS)
21129,Lee (KY)
27071,Koochiching (MN)
48029,Bexar (TX)
08013,Boulder (CO)
47089,Jefferson (TN)
40097,Mayes (OK)
27165,Watonwan (MN)
16013,Blaine (ID)
22053,Jefferson Davis (LA)
46119,Sully (SD)
08031,Denver (CO)
40029,Coal (OK)
30011,Carter (MT)
48461,Upton (TX)
18051,Gibson (IN)
31105,Kimball (NE)
17093,Kendall (IL)
11001,District of Columbia (DC)
08085,Montrose (CO)
27171,Wright (MN)
55059,Kenosha (WI)
08037,Eagle (CO)
06075,San Francisco (CA)
08113,San Miguel (CO)
02005,Palmer (AK)
12109,St. Johns (FL)
28019,Choctaw (MS)
29079,Grundy (MO)
26085,Lake (MI)
26139,Ottawa (MI)
17031,Cook (IL)
17059,Gallatin (IL)
45047,Greenwood (SC)
20059,Franklin (KS)
27027,Clay (MN)
47075,Haywood (TN)
49003,Box Elder (UT)
28139,Tippah (MS)
54051,Marshall (WV)
54035,Jackson (WV)
16039,Elmore (ID)
24005,Baltimore (MD)
38005,Benson (ND)
29163,Pike (MO)
39087,Lawrence (OH)
29201,Scott (MO)
39001,Adams (OH)
48143,Erath (TX)
13137,Habersham (GA)
13319,Wilkinson (GA)
54061,Monongalia (WV)
39033,Crawford (OH)
12027,DeSoto (FL)
09011,New London (CT)
39059,Guernsey (OH)
26015,Barry (MI)
29209,Stone (MO)
51087,"Henrico, Richmond City (VA)"
37169,Stokes (NC)
19039,Clarke (IA)
19065,Fayette (IA)
06041,Marin (CA)
48381,Randall (TX)
48401,Rusk (TX)
19181,Warren (IA)
39161,Van Wert (OH)
12043,Glades (FL)
13199,Meriwether (GA)
08023,Costilla (CO)
48099,Coryell (TX)
19001,Adair (IA)
13053,Chattahoochee (GA)
06043,Mariposa (CA)
29089,Howard (MO)
41047,Marion (OR)
55079,Milwaukee (WI)
27139,Scott (MN)
39129,Pickaway (OH)
51145,Powhatan (VA)
08014,Broomfield (CO)
47099,Lawrence (TN)
26009,Antrim (MI)
45069,Marlboro (SC)
16009,"Benewah, South Shoshone (ID)"
17103,Lee (IL)
31127,Nemaha (NE)
37031,Carteret (NC)
20149,Pottawatomie (KS)
26075,Jackson (MI)
48091,Comal (TX)
25019,Nantucket (MA)
45009,Bamberg (SC)
48007,Aransas (TX)
13019,Berrien (GA)
18165,Vermillion (IN)
26143,Roscommon (MI)
37005,Alleghany (NC)
06035,Lassen (CA)
51610,Falls Church (VA)
12081,Manatee (FL)
39119,Muskingum (OH)
08015,Chaffee (CO)
08025,Crowley (CO)
08043,Fremont (CO)
28109,Pearl River (MS)
28111,Perry (MS)
31041,Custer (NE)
12013,Calhoun (FL)
21117,Kenton (KY)
19037,Chickasaw (IA)
17037,DeKalb (IL)
19081,Hancock (IA)
38089,Stark (ND)
26095,Luce (MI)
40019,Carter (OK)
37139,Pasquotank (NC)
35055,Taos (NM)
28011,Bolivar (MS)
47073,Hawkins (TN)
38011,Bowman (ND)
42057,Fulton (PA)
22055,Lafayette (LA)
48237,Jack (TX)
17175,Stark (IL)
40055,Greer (OK)
48211,Hemphill (TX)
16069,Nez Perce (ID)
46129,Walworth (SD)
06055,Napa (CA)
40033,Cotton (OK)
29221,Washington (MO)
36011,Cayuga (NY)
48417,Shackelford (TX)
48407,San Jacinto (TX)
19061,Dubuque (IA)
51075,Goochland (VA)
20181,Sherman (KS)
39139,Richland (OH)
17001,Adams (IL)
39021,Champaign (OH)
33019,Sullivan (NH)
17075,Iroquois (IL)
19157,Poweshiek (IA)
39169,Wayne (OH)
13113,Fayette (GA)
13141,Hancock (GA)
48259,Kendall (TX)
36039,Greene (NY)
51137,Orange (VA)
40089,McCurtain (OK)
13277,Tift (GA)
31025,Cass (NE)
46077,Kingsbury (SD)
56009,Converse (WY)
36043,Herkimer (NY)
38047,Logan (ND)
26053,Gogebic (MI)
27005,Becker (MN)
01095,Marshall (AL)
47173,Union (TN)
54057,Mineral (WV)
55003,Ashland (WI)
17053,Ford (IL)
38029,Emmons (ND)
06089,Shasta (CA)
22113,Vermilion (LA)
05121,Randolph (AR)
55085,Oneida (WI)
22035,East Carroll (LA)
22037,East Feliciana (LA)
22087,St. Bernard (LA)
48481,Wharton (TX)
02005,Palmer (AK)
02005,Palmer (AK)
48153,Floyd (TX)
02005,Palmer (AK)
21151,Madison (KY)
47009,Blount (TN)
30031,Gallatin (MT)
45031,Darlington (SC)
01053,Escambia (AL)
13143,Haralson (GA)
20001,Allen (KS)
17041,Douglas (IL)
51079,Greene (VA)
14001,Guam (GU)
55137,Waushara (WI)
05065,Izard (AR)
06053,Monterey (CA)
35017,Grant (NM)
29131,Miller (MO)
37193,Wilkes (NC)
02005,Palmer (AK)
29165,Platte (MO)
29021,Buchanan (MO)
01083,Limestone (AL)
18065,Henry (IN)
31143,Polk (NE)
39123,Ottawa (OH)
27107,Norman (MN)
19165,Shelby (IA)
24013,Carroll (MD)
19011,Benton (IA)
21159,Martin (KY)
27025,Chisago (MN)
21189,Owsley (KY)
42015,Bradford (PA)
54029,Hancock (WV)
29051,Cole (MO)
26021,Berrien (MI)
42061,Huntingdon (PA)
31045,"Dawes, North Sioux (NE)"
51141,Patrick (VA)
26119,Montmorency (MI)
26135,Oscoda (MI)
35007,Colfax (NM)
17163,St. Clair (IL)
17189,Washington (IL)
42009,Bedford (PA)
05127,Scott (AR)
20099,Labette (KS)
42073,Lawrence (PA)
39067,Harrison (OH)
37003,Alexander (NC)
34009,Cape May (NJ)
33005,Cheshire (NH)
27089,Marshall (MN)
51101,King William (VA)
08055,Huerfano (CO)
48255,Karnes (TX)
47023,Chester (TN)
17171,Scott (IL)
49027,Millard (UT)
49029,Morgan (UT)
48257,Kaufman (TX)
04011,Greenlee (AZ)
04013,Maricopa (AZ)
26129,Ogemaw (MI)
47087,Jackson (TN)
17159,Richland (IL)
01009,Blount (AL)
30051,Liberty (MT)
48131,Duval (TX)
29173,Ralls (MO)
48251,Johnson (TX)
13061,Clay (GA)
41023,Grant (OR)
41011,Coos (OR)
48159,Franklin (TX)
36113,Warren (NY)
51113,Madison (VA)
40005,Atoka (OK)
17129,Menard (IL)
13015,Bartow (GA)
12069,Lake (FL)
40111,Okmulgee (OK)
38083,Sheridan (ND)
18049,Fulton (IN)
20091,Johnson (KS)
24009,Calvert (MD)
55129,Washburn (WI)
53031,Jefferson (WA)
72097,Mayaguez (PR)
27169,Winona (MN)
28149,Warren (MS)
29003,Andrew (MO)
29139,Montgomery (MO)
20021,Cherokee (KS)
37083,Halifax (NC)
35043,Sandoval (NM)
21051,Clay (KY)
42035,Clinton (PA)
41043,Linn (OR)
55065,Lafayette (WI)
40147,Washington (OK)
54077,Preston (WV)
69100,Rota (MP)
55135,Waupaca (WI)
48137,Edwards (TX)
41037,Lake (OR)
29153,Ozark (MO)
48473,Waller (TX)
01099,Monroe (AL)
50009,Essex (VT)
51111,Lunenburg (VA)
38097,Traill (ND)
13139,Hall (GA)
13283,Treutlen (GA)
13037,Calhoun (GA)
55125,Vilas (WI)
27007,Beltrami (MN)
72113,Ponce (PR)
72097,Mayaguez (PR)
24019,Dorchester (MD)
42037,Columbia (PA)
39023,Clark (OH)
48323,Maverick (TX)
04019,Pima (AZ)
35006,Cibola (NM)
34005,Burlington (NJ)
50021,Rutland (VT)
13099,Early (GA)
25007,Dukes (MA)
38049,McHenry (ND)
31179,Wayne (NE)
38045,LaMoure (ND)
16023,Butte (ID)
33007,Coos (NH)
38043,Kidder (ND)
48273,Kleberg (TX)
18127,Porter (IN)
28101,Newton (MS)
37163,Sampson (NC)
47127,Moore (TN)
12103,Pinellas (FL)
72019,Barranquitas (PR)
17065,Hamilton (IL)
05105,Perry (AR)
20023,Cheyenne (KS)
08029,Delta (CO)
19185,Wayne (IA)
48165,Gaines (TX)
01093,Marion (AL)
37189,Watauga (NC)
51161,"Roanoke, Roanoke City, Salem City (VA)"
48317,Martin (TX)
48037,Bowie (TX)
49057,Weber (UT)
29127,Marion (MO)
36045,Jefferson (NY)
19097,Jackson (IA)
38063,Nelson (ND)
36019,Clinton (NY)
08045,Garfield (CO)
29177,Ray (MO)
39073,Hocking (OH)
01085,Lowndes (AL)
13043,Candler (GA)
19113,Linn (IA)
06105,Trinity (CA)
13215,Muscogee (GA)
28135,Tallahatchie (MS)
20005,Atchison (KS)
72081,Lares (PR)
48003,Andrews (TX)
39109,Miami (OH)
48375,Potter (TX)
40133,Seminole (OK)
45003,Aiken (SC)
60001,American Samoa (AS)
06045,Mendocino (CA)
51550,Chesapeake (VA)
69120,Tinian (MP)
72113,Ponce (PR)
56037,Sweetwater (WY)
48169,Garza (TX)
54031,Hardy (WV)
72001,Adjuntas (PR)
55089,Ozaukee (WI)
47163,Sullivan (TN)
45059,Laurens (SC)
56011,Crook (WY)
55117,Sheboygan (WI)
25013,Hampden (MA)
48055,Caldwell (TX)
20029,Cloud (KS)
06027,Inyo (CA)
01037,Coosa (AL)
19059,Dickinson (IA)
21095,Harlan (KY)
20061,Geary (KS)
42011,Berks (PA)
47019,Carter (TN)
27083,Lyon (MN)
51037,Charlotte (VA)
47179,Washington (TN)
45071,Newberry (SC)
51093,Isle of Wight (VA)
41069,Wheeler (OR)
29023,Butler (MO)
22047,Iberville (LA)
28125,Sharkey (MS)
51061,Fauquier (VA)
51121,"Montgomery, Radford City (VA)"
32005,Douglas (NV)
12037,Franklin (FL)
18055,Greene (IN)
18139,Rush (IN)
55131,Washington (WI)
29105,Laclede (MO)
42085,Mercer (PA)
05031,Craighead (AR)
29195,Saline (MO)
17193,White (IL)
17039,De Witt (IL)
32033,White Pine (NV)
27049,Goodhue (MN)
37173,Swain (NC)
12101,Pasco (FL)
12119,Sumter (FL)
36103,"Suffolk, Nassau (NY)"
38091,Steele (ND)
18163,Vanderburgh (IN)
29071,Franklin (MO)
37011,Avery (NC)
54107,Wood (WV)
55007,Bayfield (WI)
47161,Stewart (TN)
55097,Portage (WI)
45063,Lexington (SC)
24003,Anne Arundel (MD)
55039,Fond du Lac (WI)
54101,Webster (WV)
55061,Kewaunee (WI)
48369,Parmer (TX)
40151,Woods (OK)
21063,Elliott (KY)
25003,Berkshire (MA)
29041,Chariton (MO)
08103,Rio Blanco (CO)
08087,Morgan (CO)
41045,Malheur (OR)
34023,Middlesex (NJ)
20167,Russell (KS)
17155,Putnam (IL)
46055,Haakon (SD)
47111,Macon (TN)
05023,Cleburne (AR)
01109,Pike (AL)
16003,Adams (ID)
25005,Bristol (MA)
42107,Schuylkill (PA)
38103,Wells (ND)
37045,Cleveland (NC)
05059,Hot Spring (AR)
24021,Frederick (MD)
17169,Schuyler (IL)
06051,Mono (CA)
06109,Tuolumne (CA)
35013,Dona Ana (NM)
13081,Crisp (GA)
05027,Columbia (AR)
38039,Griggs (ND)
06095,Solano (CA)
19043,Clayton (IA)
48449,Titus (TX)
54027,Hampshire (WV)
37125,Moore (NC)
20009,Barton (KS)
38087,Slope (ND)
22083,Richland (LA)
31071,Garfield (NE)
22099,St. Martin (LA)
01119,Sumter (AL)
01133,Winston (AL)
12117,Seminole (FL)
28035,Forrest (MS)
26065,Ingham (MI)
20177,Shawnee (KS)
46061,Hanson (SD)
27061,Itasca (MN)
08073,Lincoln (CO)
36053,Madison (NY)
36115,Washington (NY)
18081,Johnson (IN)
48445,Terry (TX)
35021,Harding (NM)
01121,Talladega (AL)
55067,Langlade (WI)
48155,Foard (TX)
19021,Buena Vista (IA)
19129,Mills (IA)
48385,Real (TX)
39041,Delaware (OH)
37067,Forsyth (NC)
32510,Carson City (NV)
19049,Dallas (IA)
48065,Carson (TX)
13261,Sumter (GA)
29223,Wayne (MO)
45007,Anderson (SC)
56007,Carbon (WY)
30093,Silver Bow (MT)
17177,Stephenson (IL)
26087,Lapeer (MI)
22027,Claiborne (LA)
28161,Yalobusha (MS)
72097,Mayaguez (PR)
26079,Kalkaska (MI)
72097,Mayaguez (PR)
22039,Evangeline (LA)
47069,Hardeman (TN)
04003,Cochise (AZ)
35023,Hidalgo (NM)
38023,Divide (ND)
06071,San Bernardino (CA)
08083,Montezuma (CO)
28023,Clarke (MS)
19125,Marion (IA)
31055,Douglas (NE)
51600,Fairfax (VA)
40057,Harmon (OK)
29039,Cedar (MO)
13059,Clarke (GA)
16085,Valley (ID)
48275,Knox (TX)
05103,Ouachita (AR)
39037,Darke (OH)
40071,Kay (OK)
46041,Dewey (SD)
41057,Tillamook (OR)
13077,Coweta (GA)
28127,Simpson (MS)
28131,Stone (MS)
06013,Contra Costa (CA)
47017,Carroll (TN)
51087,"Henrico, Richmond City (VA)"
18119,Owen (IN)
36119,Westchester (NY)
29017,Bollinger (MO)
54055,"Mercer, McDowell (WV)"
54033,Harrison (WV)
37077,Granville (NC)
09009,New Haven (CT)
31139,Pierce (NE)
13023,Bleckley (GA)
13033,Burke (GA)
17181,Union (IL)
17091,Kankakee (IL)
38051,McIntosh (ND)
31141,Platte (NE)
37185,Warren (NC)
72019,Barranquitas (PR)
13197,Marion (GA)
46027,Clay (SD)
10005,Sussex (DE)
13159,Jasper (GA)
29175,Randolph (MO)
20015,Butler (KS)
48209,Hays (TX)
48325,Medina (TX)
26105,Mason (MI)
45013,Beaufort (SC)
46135,Yankton (SD)
55105,Rock (WI)
45077,Pickens (SC)
53013,Columbia (WA)
18023,Clinton (IN)
17027,Clinton (IL)
16067,Minidoka (ID)
42113,Sullivan (PA)
28121,Rankin (MS)
48345,Motley (TX)
41039,Lane (OR)
48485,Wichita (TX)
26155,Shiawassee (MI)
20089,Jewell (KS)
20123,Mitchell (KS)
12007,Bradford (FL)
28091,Marion (MS)
28039,George (MS)
17085,Jo Daviess (IL)
18059,Hancock (IN)
51175,"Southampton, Franklin City (VA)"
48329,Midland (TX)
20171,Scott (KS)
30013,Cascade (MT)
51165,"Rockingham,  Harrisonburg City (VA)"
17199,Williamson (IL)
30029,Flathead (MT)
72113,Ponce (PR)
20189,Stevens (KS)
21067,Fayette (KY)
21091,Hancock (KY)
46013,Brown (SD)
54001,Barbour (WV)
47181,Wayne (TN)
31013,Box Butte (NE)
42097,Northumberland (PA)
48469,Victoria (TX)
51163,"Rockbridge, Buena Vista City, Lexington City (VA)"
26147,St. Clair (MI)
31173,Thurston (NE)
50015,Lamoille (VT)
51067,Franklin (VA)
40011,Blaine (OK)
53037,Kittitas (WA)
18135,Randolph (IN)
49025,Kane (UT)
54093,Tucker (WV)
72113,Ponce (PR)
55023,Crawford (WI)
01071,Jackson (AL)
19123,Mahaska (IA)
20045,Douglas (KS)
21059,Daviess (KY)
21197,Powell (KY)
29097,Jasper (MO)
41061,Union (OR)
13151,Henry (GA)
38001,Adams (ND)
37137,Pamlico (NC)
21083,Graves (KY)
42021,Cambria (PA)
47107,McMinn (TN)
26093,Livingston (MI)
08001,Adams (CO)
42069,Lackawanna (PA)
40123,Pontotoc (OK)
40037,Creek (OK)
48457,Tyler (TX)
47175,Van Buren (TN)
40125,Pottawatomie (OK)
09013,Tolland (CT)
35053,Socorro (NM)
13003,Atkinson (GA)
12031,Duval (FL)
48145,Falls (TX)
05149,Yell (AR)
20033,Comanche (KS)
21113,Jessamine (KY)
21171,Monroe (KY)
40075,Kiowa (OK)
46079,Lake (SD)
37033,Caswell (NC)
48377,Presidio (TX)
39057,Greene (OH)
48489,Willacy (TX)
72047,Corozal (PR)
35028,Los Alamos (NM)
02003,Homer (AK)
01003,Baldwin (AL)
19007,Appanoose (IA)
52001,St. Croix (VI)
51127,New Kent (VA)
13263,Talbot (GA)
36049,Lewis (NY)
54015,Clay (WV)
18077,Jefferson (IN)
35033,Mora (NM)
31011,Boone (NE)
29149,Oregon (MO)
47083,Houston (TN)
42131,Wyoming (PA)
37107,Lenoir (NC)
18167,Vigo (IN)
18039,Elkhart (IN)
51077,"Grayson, West Galax City (VA)"
48303,Lubbock (TX)
27093,Meeker (MN)
39005,Ashland (OH)
31119,Madison (NE)
12085,Martin (FL)
08079,Mineral (CO)
13085,Dawson (GA)
13167,Johnson (GA)
05095,Monroe (AR)
29059,Dallas (MO)
51143,Pittsylvania (VA)
02001,Denali Borough (AK)
20145,Pawnee (KS)
20209,Wyandotte (KS)
12029,Dixie (FL)
26157,Tuscola (MI)
02002,Delta (AK)
20065,Graham (KS)
22097,St. Landry (LA)
47055,Giles (TN)
05093,Mississippi (AR)
72097,Mayaguez (PR)
18043,Floyd (IN)
20129,Morton (KS)
21081,Grant (KY)
21217,Taylor (KY)
37075,Graham (NC)
54045,"Logan, Mingo (WV)"
54073,Pleasants (WV)
51071,Giles (VA)
54019,Fayette (WV)
53061,"Snohomish, North King (WA)"
35015,Eddy (NM)
31117,McPherson (NE)
31145,Red Willow (NE)
31149,Rock (NE)
47085,Humphreys (TN)
17125,Mason (IL)
51197,Wythe (VA)
13303,Washington (GA)
53077,Yakima (WA)
05143,Washington (AR)
48213,Henderson (TX)
55035,Eau Claire (WI)
47153,Sequatchie (TN)
48471,Walker (TX)
04005,Coconino (AZ)
20191,Sumner (KS)
26127,Oceana (MI)
27065,Kanabec (MN)
39007,Ashtabula (OH)
06003,Alpine (CA)
48167,Galveston (TX)
01011,Bullock (AL)
17105,Livingston (IL)
39135,Preble (OH)
39079,Jackson (OH)
48201,Harris (TX)
25017,Middlesex (MA)
72013,Arecibo (PR)
48115,Dawson (TX)
36069,Ontario (NY)
02005,Palmer (AK)
01001,Autauga (AL)
20121,Miami (KS)
13091,Dodge (GA)
36023,Cortland (NY)
13039,Camden (GA)
26161,Washtenaw (MI)
18087,LaGrange (IN)
48371,Pecos (TX)
13225,Peach (GA)
13311,White (GA)
13163,Jefferson (GA)
55083,Oconto (WI)
48347,Nacogdoches (TX)
44009,Washington (RI)
53047,Okanogan (WA)
53063,Spokane (WA)
55041,Forest (WI)
55113,Sawyer (WI)
34027,"Morris,Bergen, Essex, Hudson, Passaic (NJ)"
39151,Stark (OH)
48187,Guadalupe (TX)
53029,Island (WA)
54037,Jefferson (WV)
51153,Prince William (VA)
42029,Chester (PA)
54055,"Mercer, McDowell (WV)"
47145,Roane (TN)
53009,Clallam (WA)
53065,Stevens (WA)
19177,Van Buren (IA)
31073,Gosper (NE)
28095,Monroe (MS)
12033,Escambia (FL)
48439,Tarrant (TX)
24033,Prince George's (MD)
51169,Scott (VA)
48239,Jackson (TX)
40085,Love (OK)
13289,Twiggs (GA)
39099,Mahoning (OH)
01087,Macon (AL)
17191,Wayne (IL)
48437,Swisher (TX)
29151,Osage (MO)
17089,Kane (IL)
06017,El Dorado (CA)
45055,Kershaw (SC)
37073,Gates (NC)
08089,Otero (CO)
41019,Douglas (OR)
42089,Monroe (PA)
05101,Newton (AR)
38019,Cavalier (ND)
40103,Noble (OK)
20063,Gove (KS)
22077,Pointe Coupee (LA)
31067,Gage (NE)
01115,St. Clair (AL)
28123,Scott (MS)
13095,Dougherty (GA)
18061,Harrison (IN)
16017,Bonner (ID)
13047,Catoosa (GA)
22059,La Salle (LA)
23027,Waldo (ME)
24027,Howard (MD)
49035,Salt Lake (UT)
09003,Hartford (CT)
09015,Windham (CT)
12025,"Dade,Monroe (FL)"
39157,Tuscarawas (OH)
36085,Richmond (NY)
39071,Highland (OH)
27077,Lake of the Woods (MN)
16011,Bingham (ID)
72097,Mayaguez (PR)
72025,Caguas (PR)
72025,Caguas (PR)
45045,Greenville (SC)
46085,Lyman (SD)
55121,Trempealeau (WI)
06113,Yolo (CA)
48431,Sterling (TX)
48495,Winkler (TX)
46071,Jackson (SD)
49041,Sevier (UT)
51036,Charles City (VA)
01023,Choctaw (AL)
18083,Knox (IN)
31047,Dawson (NE)
20057,Ford (KS)
38105,Williams (ND)
38017,Cass (ND)
17069,Hardin (IL)
31005,Arthur (NE)
48163,Frio (TX)
19103,Johnson (IA)
20133,Neosho (KS)
21089,Greenup (KY)
20107,Linn (KS)
49017,Garfield (UT)
32011,Eureka (NV)
31085,Hayes (NE)
08095,Phillips (CO)
05013,Calhoun (AR)
02001,Fairbanks (AK)
21101,Henderson (KY)
28051,Holmes (MS)
28105,Oktibbeha (MS)
72025,Caguas (PR)
72047,Corozal (PR)
30027,Fergus (MT)
24023,Garrett (MD)
22119,Webster (LA)
26059,Hillsdale (MI)
21141,Logan (KY)
46033,Custer (SD)
33013,Merrimack (NH)
42133,York (PA)
37161,Rutherford (NC)
46005,Beadle (SD)
01043,Cullman (AL)
13097,Douglas (GA)
31097,Johnson (NE)
37187,Washington (NC)
46075,Jones (SD)
37007,Anson (NC)
02005,Palmer (AK)
38007,Billings (ND)
31003,Antelope (NE)
29073,Gasconade (MO)
21031,Butler (KY)
52003,St. John (VI)
56005,Campbell (WY)
13211,Morgan (GA)
05037,Cross (AR)
05107,Phillips (AR)
22093,St. James (LA)
06115,Yuba (CA)
01117,Shelby (AL)
08091,Ouray (CO)
35009,Curry (NM)
40149,Washita (OK)
37135,Orange (NC)
18131,Pulaski (IN)
26019,Benzie (MI)
36029,Erie (NY)
24031,Montgomery (MD)
51685,Manassas Park (VA)
51013,Arlington (VA)
51035,"Carroll, East Galax City (VA)"
29183,St. Charles (MO)
06069,San Benito (CA)
24035,Queen Anne's (MD)
20013,Brown (KS)
13031,Bulloch (GA)
21071,Floyd (KY)
30007,Broadwater (MT)
13309,Wheeler (GA)
37049,Craven (NC)
29087,Holt (MO)
48295,Lipscomb (TX)
41009,Columbia (OR)
45041,Florence (SC)
38061,Mountrail (ND)
49053,Washington (UT)
30003,Big Horn (MT)
42047,Elk (PA)
28031,Covington (MS)
72097,Mayaguez (PR)
18013,Brown (IN)
18019,Clark (IN)
21021,Boyle (KY)
21065,Estill (KY)
48087,Collingsworth (TX)
48089,Colorado (TX)
17063,Grundy (IL)
27081,Lincoln (MN)
13109,Evans (GA)
48497,Wise (TX)
02003,Homer (AK)
13307,Webster (GA)
13169,Jones (GA)
13135,Gwinnett (GA)
55095,Polk (WI)
55045,Green (WI)
72019,Barranquitas (PR)
36079,Putnam (NY)
51700,Newport News (VA)
08011,Bent (CO)
40065,Jackson (OK)
30089,Sanders (MT)
48173,Glasscock (TX)
05047,Franklin (AR)
40093,Major (OK)
47125,Montgomery (TN)
53051,Pend Oreille (WA)
38055,McLean (ND)
41027,Hood River (OR)
19197,Wright (IA)
48419,Shelby (TX)
29055,Crawford (MO)
51017,Bath (VA)
22075,Plaquemines (LA)
28115,Pontotoc (MS)
22067,Morehouse (LA)
21029,Bullitt (KY)
01047,Dallas (AL)
48093,Comanche (TX)
30053,Lincoln (MT)
72025,Caguas (PR)
72047,Corozal (PR)
27021,Cass (MN)
08007,Archuleta (CO)
28163,Yazoo (MS)
55087,Outagamie (WI)
29107,Lafayette (MO)
37195,Wilson (NC)
39117,Morrow (OH)
30039,Granite (MT)
38031,Foster (ND)
05033,Crawford (AR)
48053,Burnet (TX)
29193,Ste. Genevieve (MO)
48179,Gray (TX)
17109,McDonough (IL)
19137,Montgomery (IA)
05067,Jackson (AR)
48229,Hudspeth (TX)
22079,Rapides (LA)
31111,Lincoln (NE)
48067,Cass (TX)
47079,Henry (TN)
51069,"Frederick, Winchester City (VA)"
37061,Duplin (NC)
37087,Haywood (NC)
27037,Dakota (MN)
41025,Harney (OR)
72113,Ponce (PR)
55001,Adams (WI)
29045,Clark (MO)
21015,Boone (KY)
21229,Washington (KY)
22009,Avoyelles (LA)
28137,Tate (MS)
29227,Worth (MO)
31163,Sherman (NE)
46021,Campbell (SD)
46063,Harding (SD)
26057,Gratiot (MI)
19175,Union (IA)
17127,Massac (IL)
31113,Logan (NE)
31121,Merrick (NE)
31161,Sheridan (NE)
21039,Carlisle (KY)
56025,Natrona (WY)
13321,Worth (GA)
18109,Morgan (IN)
48139,Ellis (TX)
13229,Pierce (GA)
60001,American Samoa (AS)
18053,Grant (IN)
12035,Flagler (FL)
28077,Lawrence (MS)
22127,Winn (LA)
17073,Henry (IL)
41041,Lincoln (OR)
23031,York (ME)
46029,Codington (SD)
13231,Pike (GA)
13259,Stewart (GA)
34025,Monmouth (NJ)
05021,Clay (AR)
05045,Faulkner (AR)
40041,Delaware (OK)
19107,Keokuk (IA)
17061,Greene (IL)
27075,Lake (MN)
13285,Troup (GA)
06023,Humboldt (CA)
47043,Dickson (TN)
27003,Anoka (MN)
46009,Bon Homme (SD)
47059,Greene (TN)
51183,Sussex (VA)
18141,St. Joseph (IN)
38067,Pembina (ND)
46007,Bennett (SD)
22115,Vernon (LA)
23019,Penobscot (ME)
24041,Talbot (MD)
13257,Stephens (GA)
06065,Riverside (CA)
05005,Baxter (AR)
28007,Attala (MS)
19169,Story (IA)
20011,Bourbon (KS)
51049,Cumberland (VA)
45085,Sumter (SC)
02003,Homer (AK)
54109,Wyoming (WV)
06029,Kern (CA)
48097,Cooke (TX)
45075,Orangeburg (SC)
55119,Taylor (WI)
27099,Mower (MN)
27101,Murray (MN)
44007,Providence (RI)
29161,Phelps (MO)
28117,Prentiss (MS)
21235,Whitley (KY)
18149,Starke (IN)
48491,Williamson (TX)
72113,Ponce (PR)
19131,Mitchell (IA)
13107,Emanuel (GA)
22025,Catahoula (LA)
42025,Carbon (PA)
31133,Pawnee (NE)
47171,Unicoi (TN)
45083,Spartanburg (SC)
55073,Marathon (WI)
32007,Elko (NV)
54007,Braxton (WV)
26165,Wexford (MI)
48079,Cochran (TX)
42013,Blair (PA)
29085,Hickory (MO)
29009,Barry (MO)
27123,Ramsey (MN)
05081,Little River (AR)
32019,Lyon (NV)
12071,Lee (FL)
41033,Josephine (OR)
72013,Arecibo (PR)
28113,Pike (MS)
47031,Coffee (TN)
16059,"Lemhi, North Custer (ID)"
21183,Ohio (KY)
31153,Sarpy (NE)
13071,Colquitt (GA)
27167,Wilkin (MN)
17157,Randolph (IL)
23011,Kennebec (ME)
51173,Smyth (VA)
35041,Roosevelt (NM)
42111,Somerset (PA)
51191,"Washington, Bristol City (VA)"
37081,Guilford (NC)
16001,Ada (ID)
40039,Custer (OK)
39101,Marion (OH)
17149,Pike (IL)
17203,Woodford (IL)
13245,Richmond (GA)
01107,Pickens (AL)
40045,Ellis (OK)
17145,Perry (IL)
19075,Grundy (IA)
08107,Routt (CO)
34035,"Somerset, Union (NJ)"
06011,Colusa (CA)
17087,Johnson (IL)
08053,Hinsdale (CO)
16031,Cassia (ID)
27059,Isanti (MN)
42049,Erie (PA)
28029,Copiah (MS)
48467,Van Zandt (TX)
51161,"Roanoke, Roanoke City, Salem City (VA)"
51015,Augusta (VA)
02003,Homer (AK)
49031,Piute (UT)
21161,Mason (KY)
27009,Benton (MN)
48129,Donley (TX)
12005,Bay (FL)
01077,Lauderdale (AL)
18045,Fountain (IN)
17173,Shelby (IL)
17051,Fayette (IL)
39127,Perry (OH)
51590,Danville (VA)
13011,Banks (GA)
13305,Wayne (GA)
40109,Oklahoma (OK)
40069,Johnston (OK)
37099,Jackson (NC)
49043,Summit (UT)
29167,Polk (MO)
32015,Lander (NV)
19191,Winneshiek (IA)
21023,Bracken (KY)
55037,Florence (WI)
54087,Roane (WV)
27159,Wadena (MN)
51670,Hopewell (VA)
17201,Winnebago (IL)
04007,Gila (AZ)
24045,Wicomico (MD)
21043,Carter (KY)
37097,Iredell (NC)
51083,Halifax (VA)
37091,Hertford (NC)
36057,Montgomery (NY)
27113,Pennington (MN)
53073,Whatcom (WA)
41021,Gilliam (OR)
34029,Ocean (NJ)
05009,Boone (AR)
40031,Comanche (OK)
48253,Jones (TX)
48185,Grimes (TX)
26049,Genesee (MI)
22007,Assumption (LA)
28013,Calhoun (MS)
28041,Greene (MS)
30017,Custer (MT)
46109,Roberts (SD)
17141,Ogle (IL)
38077,Richland (ND)
55005,Barron (WI)
55051,Iron (WI)
27157,Wabasha (MN)
06015,Del Norte (CA)
40127,Pushmataha (OK)
53007,Chelan (WA)
26141,Presque Isle (MI)
40027,Cleveland (OK)
36105,Sullivan (NY)
37149,Polk (NC)
37165,Scotland (NC)
37085,Harnett (NC)
37105,Lee (NC)
18159,Tipton (IN)
20027,Clay (KS)
40145,Wagoner (OK)
30083,Richland (MT)
05003,Ashley (AR)
05041,Desha (AR)
72025,Caguas (PR)
47135,Perry (TN)
27163,Washington (MN)
51740,Portsmouth (VA)
42051,Fayette (PA)
54023,Grant (WV)
51171,Shenandoah (VA)
48235,Irion (TX)
29025,Caldwell (MO)
12107,Putnam (FL)
18025,Crawford (IN)
29111,Lewis (MO)
31075,Grant (NE)
72025,Caguas (PR)
16071,Oneida (ID)
17139,Moultrie (IL)
21107,Hopkins (KY)
16035,Clearwater (ID)
21013,Bell (KY)
27035,Crow Wing (MN)
60001,American Samoa (AS)
72097,Mayaguez (PR)
04009,Graham (AZ)
05123,St. Francis (AR)
13101,Echols (GA)
02003,Homer (AK)
20105,Lincoln (KS)
20183,Smith (KS)
12065,Jefferson (FL)
72025,Caguas (PR)
28005,Amite (MS)
05097,Montgomery (AR)
26025,Calhoun (MI)
01029,Cleburne (AL)
08123,Weld (CO)
40009,Beckham (OK)
06049,Modoc (CA)
19153,Polk (IA)
13179,Liberty (GA)
48349,Navarro (TX)
48047,Brooks (TX)
47187,Williamson (TN)
56021,Laramie (WY)
53003,Asotin (WA)
27155,Traverse (MN)
17017,Cass (IL)
13247,Rockdale (GA)
42067,Juniata (PA)
42083,McKean (PA)
40049,Garvin (OK)
31021,Burt (NE)
35045,San Juan (NM)
36073,Orleans (NY)
22031,De Soto (LA)
06019,Fresno (CA)
13105,Elbert (GA)
01005,Barbour (AL)
37017,Bladen (NC)
48111,Dallam (TX)
17167,Sangamon (IL)
40035,Craig (OK)
47035,Cumberland (TN)
26137,Otsego (MI)
19161,Sac (IA)
49015,Emery (UT)
53019,Ferry (WA)
30109,Wibaux (MT)
35027,Lincoln (NM)
40021,Cherokee (OK)
27173,Yellow Medicine (MN)
48231,Hunt (TX)
48335,Mitchell (TX)
48499,Wood (TX)
40113,Osage (OK)
37039,Cherokee (NC)
26107,Mecosta (MI)
21195,Pike (KY)
12067,Lafayette (FL)
37035,Catawba (NC)
21025,Breathitt (KY)
48075,Childress (TX)
29181,Ripley (MO)
17179,Tazewell (IL)
48243,Jeff Davis (TX)
51163,"Rockbridge, Buena Vista City, Lexington City (VA)"
05135,Sharp (AR)
08069,Larimer (CO)
37177,Tyrrell (NC)
27131,Rice (MN)
29219,Warren (MO)
21227,Warren (KY)
22017,Caddo (LA)
46121,Todd (SD)
19127,Marshall (IA)
40141,Tillman (OK)
37113,Macon (NC)
54063,Monroe (WV)
18155,Switzerland (IN)
21105,Hickman (KY)
01061,Geneva (AL)
17099,La Salle (IL)
19055,Delaware (IA)
20127,Morris (KS)
19051,Davis (IA)
16015,Boise (ID)
55081,Monroe (WI)
37143,Perquimans (NC)
12047,Hamilton (FL)
02005,Palmer (AK)
18035,Delaware (IN)
12075,Levy (FL)
72025,Caguas (PR)
72013,Arecibo (PR)
28045,Hancock (MS)
13315,Wilcox (GA)
22081,Red River (LA)
47093,Knox (TN)
23017,Oxford (ME)
29095,Jackson (MO)
13281,Towns (GA)
28129,Smith (MS)
16075,Payette (ID)
37095,Hyde (NC)
19067,Floyd (IA)
21145,McCracken (KY)
21225,Union (KY)
46125,Turner (SD)
47029,Cocke (TN)
47067,Hancock (TN)
47071,Hardin (TN)
45067,Marion (SC)
72113,Ponce (PR)
22117,Washington (LA)
29207,Stoddard (MO)
13093,Dooly (GA)
27145,Stearns (MN)
31155,Saunders (NE)
27141,Sherburne (MN)
46035,Davison (SD)
47025,Claiborne (TN)
48337,Montague (TX)
48049,Brown (TX)
55101,Racine (WI)
55115,Shawano (WI)
19009,Audubon (IA)
48207,Haskell (TX)
40083,Logan (OK)
36065,Oneida (NY)
08065,Lake (CO)
40121,Pittsburg (OK)
54017,Doddridge (WV)
54105,Wirt (WV)
33003,Carroll (NH)
54095,Tyler (WV)
69085,All Islands (MP)
27079,Le Sueur (MN)
53017,Douglas (WA)
36009,Cattaraugus (NY)
55027,Dodge (WI)
19105,Jones (IA)
20007,Barber (KS)
29169,Pulaski (MO)
01045,Dale (AL)
20109,Logan (KS)
06039,Madera (CA)
29075,Gentry (MO)
31009,Blaine (NE)
49009,Daggett (UT)
56031,Platte (WY)
37071,Gaston (NC)
35019,Guadalupe (NM)
30037,Golden Valley (MT)
37101,Johnston (NC)
06085,Santa Clara (CA)
45019,Charleston (SC)
53005,Benton (WA)
29001,Adair (MO)
39043,Erie (OH)
17183,Vermilion (IL)
29189,St. Louis (MO)
17007,Boone (IL)
06103,Tehama (CA)
55025,Dane (WI)
48151,Fisher (TX)
22085,Sabine (LA)
17137,Morgan (IL)
13235,Pulaski (GA)
37015,Bertie (NC)
37167,Stanly (NC)
47143,Rhea (TN)
37079,Greene (NC)
21131,Leslie (KY)
24039,Somerset (MD)
17123,Marshall (IL)
21143,Lyon (KY)
48095,Concho (TX)
48081,Coke (TX)
47133,Overton (TN)
26063,Huron (MI)
26069,Iosco (MI)
13069,Coffee (GA)
13299,Ware (GA)
38037,Grant (ND)
22051,Jefferson (LA)
22103,St. Tammany (LA)
19083,Hardin (IA)
22023,Cameron (LA)
39027,Clinton (OH)
39093,Lorain (OH)
72047,Corozal (PR)
19015,Boone (IA)
48373,Polk (TX)
31051,Dixon (NE)
24025,Harford (MD)
45037,Edgefield (SC)
51001,Accomack (VA)
55015,Calumet (WI)
21121,Knox (KY)
26067,Ionia (MI)
37129,New Hanover (NC)
47131,Obion (TN)
21035,Calloway (KY)
51003,"Albemarle, Charlottesville City (VA)"
47147,Robertson (TN)
51043,Clarke (VA)
53023,Garfield (WA)
21109,Jackson (KY)
27031,Cook (MN)
45073,Oconee (SC)
22033,East Baton Rouge (LA)
28021,Claiborne (MS)
24037,St. Mary's (MD)
26081,Kent (MI)
37147,Pitt (NC)
30009,Carbon (MT)
31167,Stanton (NE)
13001,Appling (GA)
19099,Jasper (IA)
28153,Wayne (MS)
48101,Cottle (TX)
51081,"Greensville, Emporia City (VA)"
12105,Polk (FL)
48503,Young (TX)
01123,Tallapoosa (AL)
33015,Rockingham (NH)
08105,Rio Grande (CO)
19149,Plymouth (IA)
36123,Yates (NY)
41017,Deschutes (OR)
29229,Wright (MO)
30101,Toole (MT)
36107,Tioga (NY)
48287,Lee (TX)
13121,Fulton (GA)
48073,Cherokee (TX)
29007,Audrain (MO)
45029,Colleton (SC)
55055,Jefferson (WI)
05055,Greene (AR)
48191,Hall (TX)
55013,Burnett (WI)
35057,Torrance (NM)
53049,Pacific (WA)
37141,Pender (NC)
48221,Hood (TX)
46117,Stanley (SD)
32031,Washoe (NV)
21007,Ballard (KY)
48009,Archer (TX)
48023,Baylor (TX)
48405,San Augustine (TX)
32029,Storey (NV)
13249,Schley (GA)
09001,Fairfield (CT)
48313,Madison (TX)
06077,San Joaquin (CA)
28159,Winston (MS)
21103,Henry (KY)
21167,Mercer (KY)
31183,Wheeler (NE)
21135,Lewis (KY)
27051,Grant (MN)
28053,Humphreys (MS)
01025,Clarke (AL)
20017,Chase (KS)
21221,Trigg (KY)
01069,Houston (AL)
46003,Aurora (SD)
02003,Homer (AK)
31061,Franklin (NE)
24029,Kent (MD)
20037,Crawford (KS)
27023,Chippewa (MN)
46103,Pennington (SD)
45049,Hampton (SC)
16043,Fremont (ID)
13029,Bryan (GA)
51053,"Dinwiddie, Petersburg City (VA)"
12111,St. Lucie (FL)
36055,Monroe (NY)
46083,Lincoln (SD)
55017,Chippewa (WI)
20207,Woodson (KS)
21157,Marshall (KY)
13065,Clinch (GA)
13185,Lowndes (GA)
15005,Kalawao (HI)
15007,Kauai (HI)
26099,Macomb (MI)
13287,Turner (GA)
17079,Jasper (IL)
48331,Milam (TX)
18147,Spencer (IN)
21099,Hart (KY)
21137,Lincoln (KY)
30005,Blaine (MT)
51710,Norfolk (VA)
48389,Reeves (TX)
51155,Pulaski (VA)
37179,Union (NC)
38053,McKenzie (ND)
12091,Okaloosa (FL)
06001,Alameda (CA)
17013,Calhoun (IL)
18085,Kosciusko (IN)
28103,Noxubee (MS)
05147,Woodruff (AR)
34015,Gloucester (NJ)
33011,Hillsborough (NH)
30045,Judith Basin (MT)
37121,Mitchell (NC)
30077,Powell (MT)
41053,Polk (OR)
41065,Wasco (OR)
46105,Perkins (SD)
19173,Taylor (IA)
01129,Washington (AL)
39039,Defiance (OH)
54025,Greenbrier (WV)
17121,Marion (IL)
51051,Dickenson (VA)
51007,Amelia (VA)
13243,Randolph (GA)
35029,Luna (NM)
48355,Nueces (TX)
56045,Weston (WY)
72047,Corozal (PR)
17187,Warren (IL)
01089,Madison (AL)
47189,Wilson (TN)
48063,Camp (TX)
40067,Jefferson (OK)
54085,Ritchie (WV)
19145,Page (IA)
20087,Jefferson (KS)
22045,Iberia (LA)
02003,Homer (AK)
37133,Onslow (NC)
27043,Faribault (MN)
47057,Grainger (TN)
48161,Freestone (TX)
42087,Mifflin (PA)
01041,Crenshaw (AL)
51191,"Washington, Bristol City (VA)"
48399,Runnels (TX)
48443,Terrell (TX)
20153,Rawlins (KS)
20193,Thomas (KS)
13161,Jeff Davis (GA)
19035,Cherokee (IA)
05145,White (AR)
28083,Leflore (MS)
29053,Cooper (MO)
26043,Dickinson (MI)
17197,Will (IL)
48117,Deaf Smith (TX)
46011,Brookings (SD)
29047,Clay (MO)
28027,Coahoma (MS)
18011,Boone (IN)
19057,Des Moines (IA)
19163,Scott (IA)
20143,Ottawa (KS)
12023,Columbia (FL)
12059,Holmes (FL)
28047,Harrison (MS)
72141,Utuado (PR)
47011,Bradley (TN)
27017,Carlton (MN)
48315,Marion (TX)
36095,Schoharie (NY)
40117,Pawnee (OK)
36007,Broome (NY)
48291,Liberty (TX)
39009,Athens (OH)
39081,Jefferson (OH)
54083,Randolph (WV)
54049,Marion (WV)
34011,Cumberland (NJ)
06057,Nevada (CA)
55031,Douglas (WI)
21199,Pulaski (KY)
37065,Edgecombe (NC)
48241,Jasper (TX)
49001,Beaver (UT)
13213,Murray (GA)
18075,Jay (IN)
26117,Montcalm (MI)
36083,Rensselaer (NY)
12021,Collier (FL)
35031,McKinley (NM)
13017,Ben Hill (GA)
05077,Lee (AR)
12003,Baker (FL)
13173,Lanier (GA)
20159,Rice (KS)
01015,Calhoun (AL)
28059,Jackson (MS)
21037,Campbell (KY)
21057,Cumberland (KY)
28107,Panola (MS)
48195,Hansford (TX)
48071,Chambers (TX)
13239,Quitman (GA)
48199,Hardin (TX)
09005,Litchfield (CT)
39143,Sandusky (OH)
23021,Piscataquis (ME)
17153,Pulaski (IL)
40107,Okfuskee (OK)
26145,Saginaw (MI)
35039,Rio Arriba (NM)
50005,Caledonia (VT)
51023,Botetourt (VA)
17119,Madison (IL)
48085,Collin (TX)
45001,Abbeville (SC)
31053,Dodge (NE)
12115,Sarasota (FL)
55077,Marquette (WI)
04015,Mohave (AZ)
04025,Yavapai (AZ)
45051,Horry (SC)
42091,Montgomery (PA)
16061,Lewis (ID)
72013,Arecibo (PR)
51720,Norton (VA)
34027,"Morris,Bergen, Essex, Hudson, Passaic (NJ)"
29211,Sullivan (MO)
20135,Ness (KS)
48039,Brazoria (TX)
51790,Staunton (VA)
31029,Chase (NE)
39113,Montgomery (OH)
48447,Throckmorton (TX)
13221,Oglethorpe (GA)
05029,Conway (AR)
29147,Nodaway (MO)
38073,Ransom (ND)
26017,Bay (MI)
47157,Shelby (TN)
06007,Butte (CA)
27115,Pine (MN)
48021,Bastrop (TX)
53039,Klickitat (WA)
53055,San Juan (WA)
55009,Brown (WI)
20205,Wilson (KS)
22069,Natchitoches (LA)
22109,Terrebonne (LA)
13155,Irwin (GA)
02001,North Slope Borough (AK)
26011,Arenac (MI)
19111,Lee (IA)
20141,Osborne (KS)
26047,Emmet (MI)
19071,Fremont (IA)
23015,Lincoln (ME)
36099,Seneca (NY)
21125,Laurel (KY)
47121,Meigs (TN)
29213,Taney (MO)
13269,Taylor (GA)
51095,"James City, Williamsburg City (VA)"
48415,Scurry (TX)
08047,Gilpin (CO)
40087,McClain (OK)
54071,Pendleton (WV)
51139,Page (VA)
40079,Le Flore (OK)
54089,Summers (WV)
37119,Mecklenburg (NC)
34027,"Morris,Bergen, Essex, Hudson, Passaic (NJ)"
29115,Linn (MO)
13209,Montgomery (GA)
41055,Sherman (OR)
13133,Greene (GA)
46017,Buffalo (SD)
46095,Mellette (SD)
48135,Ector (TX)
48293,Limestone (TX)
53027,Grays Harbor (WA)
54003,Berkeley (WV)
72113,Ponce (PR)
30067,Park (MT)
48121,Denton (TX)
45021,Cherokee (SC)
37199,Yancey (NC)
48387,Red River (TX)
48321,Matagorda (TX)
27149,Stevens (MN)
13301,Warren (GA)
48197,Hardeman (TX)
17133,Monroe (IL)
13165,Jenkins (GA)
21085,Grayson (KY)
48363,Palo Pinto (TX)
13149,Heard (GA)
01079,Lawrence (AL)
72025,Caguas (PR)
28093,Marshall (MS)
20025,Clark (KS)
20081,Haskell (KS)
22013,Bienville (LA)
13295,Walker (GA)
19095,Iowa (IA)
31019,Buffalo (NE)
40007,Beaver (OK)
19023,Butler (IA)
30085,Roosevelt (MT)
72013,Arecibo (PR)
53015,Cowlitz (WA)
48297,Live Oak (TX)
29135,Moniteau (MO)
51193,Westmoreland (VA)
37197,Yadkin (NC)
06047,Merced (CA)
40043,Dewey (OK)
37023,Burke (NC)
37191,Wayne (NC)
42123,Warren (PA)
05061,Howard (AR)
37059,Davie (NC)
37111,McDowell (NC)
05099,Nevada (AR)
08125,Yuma (CO)
48421,Sherman (TX)
48463,Uvalde (TX)
39011,Auglaize (OH)
22015,Bossier (LA)
19063,Emmet (IA)
20169,Saline (KS)
21153,Magoffin (KY)
48017,Bailey (TX)
29027,Callaway (MO)
56001,Albany (WY)
56029,Park (WY)
42093,Montour (PA)
36081,Queens (NY)
12121,Suwannee (FL)
26031,Cheboygan (MI)
26051,Gladwin (MI)
21173,Montgomery (KY)
45057,Lancaster (SC)
21123,Larue (KY)
19193,Woodbury (IA)
12123,Taylor (FL)
17003,Alexander (IL)
29099,Jefferson (MO)
29113,Lincoln (MO)
13051,Chatham (GA)
12125,Union (FL)
36037,Genesee (NY)
19041,Clay (IA)
30025,Fallon (MT)
46107,Potter (SD)
48109,Culberson (TX)
23005,Cumberland (ME)
48013,Atascosa (TX)
20095,Kingman (KS)
13241,Rabun (GA)
54097,Upshur (WV)
29215,Texas (MO)
05119,Pulaski (AR)
19047,Crawford (IA)
16005,Bannock (ID)
39055,Geauga (OH)
72025,Caguas (PR)
06107,Tulare (CA)
72113,Ponce (PR)
72097,Mayaguez (PR)
36117,Wayne (NY)
51163,"Rockbridge, Buena Vista City, Lexington City (VA)"
38095,Towner (ND)
42045,Delaware (PA)
36063,Niagara (NY)
50003,Bennington (VT)
12019,Clay (FL)
37183,Wake (NC)
39061,Hamilton (OH)
34027,"Morris,Bergen, Essex, Hudson, Passaic (NJ)"
32017,Lincoln (NV)
02001,Nome Census Area (AK)
30055,McCone (MT)
19019,Buchanan (IA)
17043,DuPage (IL)
46047,Fall River (SD)
27069,Kittson (MN)
13219,Oconee (GA)
48493,Wilson (TX)
31059,Fillmore (NE)
12079,Madison (FL)
72025,Caguas (PR)
18153,Sullivan (IN)
04012,La Paz (AZ)
13027,Brooks (GA)
02003,Homer (AK)
02003,Homer (AK)
20185,Stafford (KS)
13271,Telfair (GA)
26115,Monroe (MI)
18181,White (IN)
18113,Noble (IN)
21139,Livingston (KY)
13201,Miller (GA)
47103,Lincoln (TN)
21211,Shelby (KY)
31185,York (NE)
42001,Adams (PA)
45005,Allendale (SC)
47037,Davidson (TN)
49047,Uintah (UT)
49049,Utah (UT)
18021,Clay (IN)
36047,Kings (NY)
29141,Morgan (MO)
39075,Holmes (OH)
19143,Osceola (IA)
18079,Jennings (IN)
16083,Twin Falls (ID)
17165,Saline (IL)
26077,Kalamazoo (MI)
45061,Lee (SC)
56019,Johnson (WY)
18027,Daviess (IN)
26055,Grand Traverse (MI)
22003,Allen (LA)
46065,Hughes (SD)
46069,Hyde (SD)
45027,Clarendon (SC)
30095,Stillwater (MT)
47007,Bledsoe (TN)
21219,Todd (KY)
47183,Weakley (TN)
29077,Greene (MO)
42077,Lehigh (PA)
31159,Seward (NE)
36015,Chemung (NY)
36121,Wyoming (NY)
06099,Stanislaus (CA)
42095,Northampton (PA)
01103,Morgan (AL)
21027,Breckinridge (KY)
28043,Grenada (MS)
21213,Simpson (KY)
50013,Grand Isle (VT)
39029,Columbiana (OH)
51125,Nelson (VA)
12097,Osceola (FL)
05053,Grant (AR)
13175,Laurens (GA)
36061,New York (NY)
05007,Benton (AR)
72097,Mayaguez (PR)
12083,Marion (FL)
51135,Nottoway (VA)
34041,Warren (NJ)
36021,Columbia (NY)
51089,"Henry, Martinsville City (VA)"
40023,Choctaw (OK)
20041,Dickinson (KS)
48427,Starr (TX)
13103,Effingham (GA)
40129,Roger Mills (OK)
55103,Richland (WI)
35025,Lea (NM)
01075,Lamar (AL)
72013,Arecibo (PR)
47117,Marshall (TN)
51011,Appomattox (VA)
05087,Madison (AR)
56033,Sheridan (WY)
42041,Cumberland (PA)
42055,Franklin (PA)
42079,Luzerne (PA)
26039,Crawford (MI)
01113,Russell (AL)
39019,Carroll (OH)
51065,Fluvanna (VA)
17097,Lake (IL)
13195,Madison (GA)
05039,Dallas (AR)
08057,Jackson (CO)
08063,Kit Carson (CO)
16073,Owyhee (ID)
55141,Wood (WI)
36013,Chautauqua (NY)
13067,Cobb (GA)
47091,Johnson (TN)
39013,Belmont (OH)
51195,Wise (VA)
29035,Carter (MO)
40013,Bryan (OK)
31035,Clay (NE)
24017,Charles (MD)
19033,Cerro Gordo (IA)
19073,Greene (IA)
21205,Rowan (KY)
49055,Wayne (UT)
29031,Cape Girardeau (MO)
53071,Walla Walla (WA)
29133,Mississippi (MO)
05025,Cleveland (AR)
48113,Dallas (TX)
72097,Mayaguez (PR)
18033,DeKalb (IN)
22073,Ouachita (LA)
22095,St. John the Baptist (LA)
22091,St. Helena (LA)
29197,Schuyler (MO)
01059,Franklin (AL)
21041,Carroll (KY)
08019,Clear Creek (CO)
48267,Kimble (TX)
26097,Mackinac (MI)
48307,McCulloch (TX)
28141,Tishomingo (MS)
48105,Crockett (TX)
48217,Hill (TX)
08075,Logan (CO)
20055,Finney (KS)
20125,Montgomery (KS)
45039,Fairfield (SC)
31033,Cheyenne (NE)
27091,Martin (MN)
47155,Sevier (TN)
47139,Polk (TN)
48263,Kent (TX)
30099,Teton (MT)
31069,Garden (NE)
17117,Macoupin (IL)
39141,Ross (OH)
17195,Whiteside (IL)
48141,El Paso (TX)
48301,Loving (TX)
40077,Latimer (OK)
39167,Washington (OH)
29091,Howell (MO)
20047,Edwards (KS)
21111,Jefferson (KY)
17107,Logan (IL)
55139,Winnebago (WI)
21075,Fulton (KY)
20079,Harvey (KS)
30021,Dawson (MT)
54091,Taylor (WV)
26111,Midland (MI)
28119,Quitman (MS)
21093,Hardin (KY)
17081,Jefferson (IL)
46057,Hamlin (SD)
55069,Lincoln (WI)
36033,Franklin (NY)
51177,"Spotsylvania, Fredericksburg City (VA)"
54081,Raleigh (WV)
35005,Chaves (NM)
35049,Santa Fe (NM)
06059,Orange (CA)
04023,Santa Cruz (AZ)
37053,Currituck (NC)
17101,Lawrence (IL)
18067,Howard (IN)
18125,Pike (IN)
21047,Christian (KY)
26045,Eaton (MI)
19179,Wapello (IA)
06025,Imperial (CA)
26027,Cass (MI)
28157,Wilkinson (MS)
02005,Palmer (AK)
20179,Sheridan (KS)
28079,Leake (MS)
72025,Caguas (PR)
72013,Arecibo (PR)
28025,Clay (MS)
28037,Franklin (MS)
28099,Neshoba (MS)
46045,Edmunds (SD)
72025,Caguas (PR)
01035,Conecuh (AL)
18029,Dearborn (IN)
18071,Jackson (IN)
28081,Lee (MS)
22125,West Feliciana (LA)
05035,Crittenden (AR)
12063,Jackson (FL)
48125,Dickens (TX)
51115,Mathews (VA)
38075,Renville (ND)
48283,La Salle (TX)
36067,Onondaga (NY)
19087,Henry (IA)
31083,Harlan (NE)
30075,Powder River (MT)
72113,Ponce (PR)
55091,Pepin (WI)
04001,Apache (AZ)
29121,Macon (MO)
48279,Lamb (TX)
20097,Kiowa (KS)
48015,Austin (TX)
29061,Daviess (MO)
13253,Seminole (GA)
26101,Manistee (MI)
19119,Lyon (IA)
48233,Hutchinson (TX)
40139,Texas (OK)
40153,Woodward (OK)
19003,Adams (IA)
06101,Sutter (CA)
42105,Potter (PA)
48465,Val Verde (TX)
20077,Harper (KS)
19133,Monona (IA)
49023,Juab (UT)
40137,Stephens (OK)
36017,Chenango (NY)
17143,Peoria (IL)
19091,Humboldt (IA)
31177,Washington (NE)
55049,Iowa (WI)
27097,Morrison (MN)
42003,Allegheny (PA)
29205,Shelby (MO)
39097,Madison (OH)
20201,Washington (KS)
17019,Champaign (IL)
16087,Washington (ID)
17045,Edgar (IL)
08121,Washington (CO)
39065,Hardin (OH)
26113,Missaukee (MI)
38093,Stutsman (ND)
29203,Shannon (MO)
48423,Smith (TX)
40143,Tulsa (OK)
40091,McIntosh (OK)
48395,Robertson (TX)
48171,Gillespie (TX)
26125,Oakland (MI)
38033,Golden Valley (ND)
56027,Niobrara (WY)
27117,Pipestone (MN)
51099,King George (VA)
53025,Grant (WA)
27129,Renville (MN)
12001,Alachua (FL)
31091,Hooker (NE)
51147,Prince Edward (VA)
49007,Carbon (UT)
42017,Bucks (PA)
46059,Hand (SD)
42081,Lycoming (PA)
16057,Latah (ID)
13237,Putnam (GA)
35037,Quay (NM)
48269,King (TX)
05073,Lafayette (AR)
48451,Tom Green (TX)
12049,Hardee (FL)
39025,Clermont (OH)
48501,Yoakum (TX)
41071,Yamhill (OR)
19115,Louisa (IA)
20049,Elk (KS)
39121,Noble (OH)
39137,Putnam (OH)
48425,Somervell (TX)
42075,Lebanon (PA)
30035,Glacier (MT)
32027,Pershing (NV)
27087,Mahnomen (MN)
34027,"Morris,Bergen, Essex, Hudson, Passaic (NJ)"
30047,Lake (MT)
48261,Kenedy (TX)
48033,Borden (TX)
29157,Perry (MO)
48411,San Saba (TX)
40073,Kingfisher (OK)
48051,Burleson (TX)
36035,Fulton (NY)
28133,Sunflower (MS)
27053,Hennepin (MN)
42027,Centre (PA)
48025,Bee (TX)
47077,Henderson (TN)
19171,Tama (IA)
20175,Seward (KS)
19135,Monroe (IA)
31147,Richardson (NE)
17021,Christian (IL)
12089,Nassau (FL)
12133,Washington (FL)
13007,Baker (GA)
13275,Thomas (GA)
21005,Anderson (KY)
21185,Oldham (KY)
13057,Cherokee (GA)
38065,Oliver (ND)
26133,Osceola (MI)
47109,McNairy (TN)
53001,Adams (WA)
29057,Dade (MO)
22101,St. Mary (LA)
50007,Chittenden (VT)
72019,Barranquitas (PR)
15009,Maui (HI)
22057,Lafourche (LA)
19139,Muscatine (IA)
12113,Santa Rosa (FL)
18101,Martin (IN)
21203,Rockcastle (KY)
21223,Trimble (KY)
13055,Chattooga (GA)
45033,Dillon (SC)
37103,Jones (NC)
29199,Scotland (MO)
20131,Nemaha (KS)
20137,Norton (KS)
72025,Caguas (PR)
72047,Corozal (PR)
31065,Furnas (NE)
13087,Decatur (GA)
18177,Wayne (IN)
21009,Barren (KY)
31093,Howard (NE)
38025,Dunn (ND)
06005,Amador (CA)
47049,Fentress (TN)
20031,Coffey (KS)
26023,Branch (MI)
51031,"Campbell, Lynchburg City (VA)"
39105,Meigs (OH)
54067,Nicholas (WV)
40053,Grant (OK)
46115,Spink (SD)
50027,Windsor (VT)
48455,Trinity (TX)
35001,Bernalillo (NM)
13205,Mitchell (GA)
15001,Hawaii (HI)
21147,McCreary (KY)
21191,Pendleton (KY)
21215,Spencer (KY)
30041,Hill (MT)
31175,Valley (NE)
48069,Castro (TX)
24043,Washington (MD)
21133,Letcher (KY)
34033,Salem (NJ)
51031,"Campbell, Lynchburg City (VA)"
05125,Saline (AR)
54053,Mason (WV)
54021,Gilmer (WV)
28063,Jefferson (MS)
38079,Rolette (ND)
30103,Treasure (MT)
21049,Clark (KY)
72013,Arecibo (PR)
26005,Allegan (MI)
47005,Benton (TN)
27015,Brown (MN)
47137,Pickett (TN)
51109,Louisa (VA)
18145,Shelby (IN)
39049,Franklin (OH)
49021,Iron (UT)
32009,Esmeralda (NV)
26083,Keweenaw (MI)
49039,Sanpete (UT)
20093,Kearny (KS)
12009,Brevard (FL)
18105,Monroe (IN)
19117,Lucas (IA)
21239,Woodford (KY)
45053,Jasper (SC)
48043,Brewster (TX)
45065,McCormick (SC)
45087,Union (SC)
27103,Nicollet (MN)
55075,Marinette (WI)
53011,Clark (WA)
55099,Price (WI)
18103,Miami (IN)
20053,Ellsworth (KS)
22123,West Carroll (LA)
12077,Liberty (FL)
20083,Hodgeman (KS)
20119,Meade (KS)
21149,McLean (KY)
28001,Adams (MS)
72097,Mayaguez (PR)
28057,Itawamba (MS)
21073,Franklin (KY)
23009,Hancock (ME)
23013,Knox (ME)
13217,Newton (GA)
46049,Faulk (SD)
26061,Houghton (MI)
30061,Mineral (MT)
47051,Franklin (TN)
22029,Concordia (LA)
22063,Livingston (LA)
25009,Essex (MA)
46019,Butte (SD)
08035,Douglas (CO)
45079,Richland (SC)
18095,Madison (IN)
40099,Murray (OK)
54009,Brooke (WV)
54013,Calhoun (WV)
51021,Bland (VA)
30111,Yellowstone (MT)
54043,Lincoln (WV)
06033,Lake (CA)
13131,Grady (GA)
08021,Conejos (CO)
49037,San Juan (UT)
18133,Putnam (IN)
16047,Gooding (ID)
47167,Tipton (TN)
22121,West Baton Rouge (LA)
29171,Putnam (MO)
56039,Teton (WY)
55043,Grant (WI)
38059,Morton (ND)
37041,Chowan (NC)
37021,Buncombe (NC)
06063,Plumas (CA)
51053,"Dinwiddie, Petersburg City (VA)"
50023,Washington (VT)
46093,Meade (SD)
18097,Marion (IN)
05017,Chicot (AR)
13021,Bibb (GA)
72113,Ponce (PR)
72081,Lares (PR)
05115,Pope (AR)
51175,"Southampton, Franklin City (VA)"
48183,Gregg (TX)
36071,"Orange, Rockland (NY)"
05089,Marion (AR)
51800,Suffolk (VA)
08041,El Paso (CO)
29187,St. Francois (MO)
48475,Ward (TX)
08061,Kiowa (CO)
48487,Wilbarger (TX)
41015,Curry (OR)
08119,Teller (CO)
29049,Clinton (MO)
49051,Wasatch (UT)
16029,Caribou (ID)
37157,Rockingham (NC)
05117,Prairie (AR)
05011,Bradley (AR)
48193,Hamilton (TX)
24011,Caroline (MD)
27041,Douglas (MN)
30043,Jefferson (MT)
51059,Fairfax (VA)
30023,Deer Lodge (MT)
47001,Anderson (TN)
39077,Huron (OH)
13005,Bacon (GA)
10001,Kent (DE)
39173,Wood (OH)
13157,Jackson (GA)
20003,Anderson (KS)
17095,Knox (IL)
30107,Wheatland (MT)
47015,Cannon (TN)
23007,Franklin (ME)
21165,Menifee (KY)
46089,McPherson (SD)
08051,Gunnison (CO)
26029,Charlevoix (MI)
27151,Swift (MN)
39147,Seneca (OH)
13267,Tattnall (GA)
48429,Stephens (TX)
37117,Martin (NC)
30081,Ravalli (MT)
13317,Wilkes (GA)
53043,Lincoln (WA)
06081,San Mateo (CA)
39171,Williams (OH)
08009,Baca (CO)
16021,Boundary (ID)
16007,Bear Lake (ID)
39159,Union (OH)
39035,Cuyahoga (OH)
48285,Lavaca (TX)
40105,Nowata (OK)
13125,Glascock (GA)
41059,Umatilla (OR)
46113,Oglala Lakota (SD)
20117,Marshall (KS)
22065,Madison (LA)
30105,Valley (MT)
13313,Whitfield (GA)
20203,Wichita (KS)
46023,Charles Mix (SD)
31027,Cedar (NE)
53035,Kitsap (WA)
17111,McHenry (IL)
30069,Petroleum (MT)
29033,Carroll (MO)
53075,Whitman (WA)
27147,Steele (MN)
31169,Thayer (NE)
47033,Crockett (TN)
19079,Hamilton (IA)
39165,Warren (OH)
13255,Spalding (GA)
34019,Hunterdon (NJ)
29217,Vernon (MO)
18121,Parke (IN)
19069,Franklin (IA)
13035,Butts (GA)
08039,Elbert (CO)
44001,Bristol (RI)
48035,Bosque (TX)
44005,Newport (RI)
39045,Fairfield (OH)
38069,Pierce (ND)
17015,Carroll (IL)
27125,Red Lake (MN)
41031,Jefferson (OR)
47021,Cheatham (TN)
46127,Union (SD)
01051,Elmore (AL)
13187,Lumpkin (GA)
39083,Knox (OH)
19017,Bremer (IA)
48175,Goliad (TX)
37089,Henderson (NC)
12061,Indian River (FL)
48393,Roberts (TX)
31049,Deuel (NE)
36051,Livingston (NY)
19141,O'Brien (IA)
48059,Callahan (TX)
48379,Rains (TX)
20067,Grant (KS)
51105,Lee (VA)
35051,Sierra (NM)
05043,Drew (AR)
31123,Morrill (NE)
29015,Benton (MO)
05109,Pike (AR)
08077,Mesa (CO)
29065,Dent (MO)
51185,Tazewell (VA)
42103,Pike (PA)
42115,Susquehanna (PA)
48343,Morris (TX)
42125,Washington (PA)
50001,Addison (VT)
20103,Leavenworth (KS)
26121,Muskegon (MI)
28049,Hinds (MS)
48281,Lampasas (TX)
51107,Loudoun (VA)
29185,St. Clair (MO)
36025,Delaware (NY)
30071,Phillips (MT)
29129,Mercer (MO)
53045,Mason (WA)
37127,Nash (NC)
51199,"York, Poquoson City (VA)"
29159,Pettis (MO)
30063,Missoula (MT)
20019,Chautauqua (KS)
48459,Upshur (TX)
51047,Culpeper (VA)
40061,Haskell (OK)
54069,Ohio (WV)
54065,Morgan (WV)
51165,"Rockingham,  Harrisonburg City (VA)"
18183,Whitley (IN)
06093,Siskiyou (CA)
46037,Day (SD)
22071,Orleans (LA)
01073,Jefferson (AL)
01127,Walker (AL)
29063,DeKalb (MO)
12039,Gadsden (FL)
13083,Dade (GA)
28033,DeSoto (MS)
51187,Warren (VA)
17047,Edwards (IL)
47113,Madison (TN)
69110,Saipan (MP)
01111,Randolph (AL)
37009,Ashe (NC)
08033,Dolores (CO)
39089,Licking (OH)
51683,Manassas (VA)
05139,Union (AR)
17071,Henderson (IL)
01101,Montgomery (AL)
08005,Arapahoe (CO)
21155,Marion (KY)
53057,Skagit (WA)
28067,Jones (MS)
55021,Columbia (WI)
37019,Brunswick (NC)
27029,Clearwater (MN)
51131,Northampton (VA)
20163,Rooks (KS)
18041,Fayette (IN)
31079,Hall (NE)
31081,Hamilton (NE)
31115,Loup (NE)
30091,Sheridan (MT)
31063,Frontier (NE)
72025,Caguas (PR)
01007,Bibb (AL)
28075,Lauderdale (MS)
27011,Big Stone (MN)
27013,Blue Earth (MN)
51091,Highland (VA)
51177,"Spotsylvania, Fredericksburg City (VA)"
33017,Strafford (NH)
13153,Houston (GA)
26041,Delta (MI)
05131,Sebastian (AR)
06087,Santa Cruz (CA)
13191,McIntosh (GA)
13207,Monroe (GA)
29069,Dunklin (MO)
48483,Wheeler (TX)
13117,Forsyth (GA)
48409,San Patricio (TX)
28147,Walthall (MS)
29137,Monroe (MO)
26073,Isabella (MI)
48341,Moore (TX)
45017,Calhoun (SC)
56035,Sublette (WY)
21069,Fleming (KY)
55019,Clark (WI)
45091,York (SC)
18001,Adams (IN)
22005,Ascension (LA)
42119,Union (PA)
51041,Chesterfield (VA)
22001,Acadia (LA)
42039,Crawford (PA)
46123,Tripp (SD)
19077,Guthrie (IA)
19183,Washington (IA)
46111,Sanborn (SD)
40051,Grady (OK)
54039,Kanawha (WV)
55109,St. Croix (WI)
42121,Venango (PA)
39153,Summit (OH)
13127,Glynn (GA)
48479,Webb (TX)
37123,Montgomery (NC)
28065,Jefferson Davis (MS)
18175,Washington (IN)
48031,Blanco (TX)
51025,Brunswick (VA)
47045,Dyer (TN)
47053,Gibson (TN)
51149,Prince George (VA)
05075,Lawrence (AR)
38027,Eddy (ND)
53053,Pierce (WA)
16063,Lincoln (ID)
42071,Lancaster (PA)
55057,Juneau (WI)
47151,Scott (TN)
46031,Corson (SD)
46053,Gregory (SD)
37181,Vance (NC)
21033,Caldwell (KY)
45011,Barnwell (SC)
47039,Decatur (TN)
18009,Blackford (IN)
01055,Etowah (AL)
16025,Camas (ID)
20155,Reno (KS)
47119,Maury (TN)
56015,Goshen (WY)
55107,Rusk (WI)
55133,Waukesha (WI)
21079,Garrard (KY)
25021,Norfolk (MA)
18063,Hendricks (IN)
17077,Jackson (IL)
45043,Georgetown (SC)
38041,Hettinger (ND)
49019,Grand (UT)
49045,Tooele (UT)
51650,Hampton (VA)
55011,Buffalo (WI)
51069,"Frederick, Winchester City (VA)"
54041,Lewis (WV)
27127,Redwood (MN)
47047,Fayette (TN)
60001,American Samoa (AS)
22089,St. Charles (LA)
05111,Poinsett (AR)
12045,Gulf (FL)
47063,Hamblen (TN)
01021,Chilton (AL)
48351,Newton (TX)
48219,Hockley (TX)
13009,Baldwin (GA)
37175,Transylvania (NC)
37171,Surry (NC)
01031,Coffee (AL)
39149,Shelby (OH)
16027,Canyon (ID)
30019,Daniels (MT)
12073,Leon (FL)
40119,Payne (OK)
01039,Covington (AL)
18093,Lawrence (IN)
20069,Gray (KS)
21045,Casey (KY)
21169,Metcalfe (KY)
21207,Russell (KY)
22011,Beauregard (LA)
23025,Somerset (ME)
40025,Cimarron (OK)
21163,Meade (KY)
21179,Nelson (KY)
21187,Owen (KY)
29155,Pemiscot (MO)
31125,Nance (NE)
55078,Menominee (WI)
48365,Panola (TX)
21011,Bath (KY)
48001,Anderson (TX)
51033,Caroline (VA)
19167,Sioux (IA)
06021,Glenn (CA)
29510,St. Louis (MO)
13111,Fannin (GA)
46051,Grant (SD)
46091,Marshall (SD)
53067,Thurston (WA)
31107,Knox (NE)
35061,Valencia (NM)
30079,Prairie (MT)
19005,Allamakee (IA)
48061,Cameron (TX)
48339,Montgomery (TX)
08071,Las Animas (CO)
48299,Llano (TX)
48319,Mason (TX)
37043,Clay (NC)
36071,"Orange, Rockland (NY)"
36093,Schenectady (NY)
54045,"Logan, Mingo (WV)"
20197,Wabaunsee (KS)
27055,Houston (MN)
21181,Nicholas (KY)
25023,Plymouth (MA)
36005,Bronx (NY)
37055,Dare (NC)
39103,Medina (OH)
42005,Armstrong (PA)
34001,Atlantic (NJ)
55071,Manitowoc (WI)
55029,Door (WI)
37047,Columbus (NC)
39053,Gallia (OH)
48441,Taylor (TX)
51570,Colonial Heights (VA)
39031,Coshocton (OH)
31135,Perkins (NE)
48205,Hartley (TX)
08049,Grand (CO)
48249,Jim Wells (TX)
19189,Winnebago (IA)
06079,San Luis Obispo (CA)
01067,Henry (AL)
39175,Wyandot (OH)
48505,Zapata (TX)
13177,Lee (GA)
21019,Boyd (KY)
27019,Carver (MN)
31037,Colfax (NE)
45025,Chesterfield (SC)
47101,Lewis (TN)
41067,Washington (OR)
51810,Virginia Beach (VA)
30057,Madison (MT)
51103,Lancaster (VA)
29013,Bates (MO)
33001,Belknap (NH)
51159,Richmond (VA)
02005,Palmer (AK)
02005,Palmer (AK)
53021,Franklin (WA)
19093,Ida (IA)
20173,Sedgwick (KS)
48453,Travis (TX)
12057,Hillsborough (FL)
34021,Mercer (NJ)
31023,Butler (NE)
42129,Westmoreland (PA)
12015,Charlotte (FL)
19029,Cass (IA)
39107,Mercer (OH)
60001,American Samoa (AS)
21115,Johnson (KY)
44003,Kent (RI)
50025,Windham (VT)
50019,Orleans (VT)
20085,Jackson (KS)
22041,Franklin (LA)
28155,Webster (MS)
25011,Franklin (MA)
31031,Cherry (NE)
30001,Beaverhead (MT)
29143,New Madrid (MO)
05057,Hempstead (AR)
29029,Camden (MO)
51117,Mecklenburg (VA)
21233,Webster (KY)
40047,Garfield (OK)
53059,Skamania (WA)
26091,Lenawee (MI)
13123,Gilmer (GA)
27135,Roseau (MN)
28089,Madison (MS)
48227,Howard (TX)
54099,Wayne (WV)
23003,Aroostook (ME)
16059,"Lemhi, North Custer (ID)"
32035,Southeast Nye (NV)
51019,Bedford (VA)
39094,East Lucas (OH)
31045,"Dawes, North Sioux (NE)"
27111,East Otter Tail (MN)
16009,"Benewah, South Shoshone (ID)"
27137,North St. Louis (MN)
53033,South King (WA)
19156,West Pottawattamie (IA)
51035,"Carroll, East Galax City (VA)"
27120,West Polk (MN)
16055,"Kootenai, North Shoshone (ID)"
53061,"Snohomish, North King (WA)"
16037,South Custer (ID)
32023,Northwest Nye (NV)
31165,South Sioux (NE)
27119,East Polk (MN)
27112,West Otter Tail (MN)
19155,East Pottawattamie (IA)
27138,South St. Louis (MN)
39095,West Lucas (OH)
51515,Bedford (VA)
51077,"Grayson, West Galax City (VA)"
23002,Houlton (ME)
23004,Fort Kent (ME)
48061,Cameron (TX)
48215,Hidalgo (TX)
48427,Starr (TX)
48505,Zapata (TX)
48479,Webb (TX)
48323,Maverick (TX)
48271,Kinney (TX)
48465,Val Verde (TX)
48443,Terrell (TX)
48043,Brewster (TX)
48377,Presidio (TX)
48229,Hudspeth (TX)
48141,El Paso (TX)
35013,Dona Ana (NM)
35029,Luna (NM)
35023,Hidalgo (NM)
04003,Cochise (AZ)
04003,Cochise (AZ)
04019,Pima (AZ)
04027,Yuma (AZ)
06025,Imperial (CA)
06073,San Diego (CA)
53073,Whatcom (WA)
53047,Okanogan (WA)
53019,Ferry (WA)
53065,Stevens (WA)
53051,Pend Oreille (WA)
16021,Boundary (ID)
30053,Lincoln (MT)
30029,Flathead (MT)
30035,Glacier (MT)
30101,Toole (MT)
30051,Liberty (MT)
30041,Hill (MT)
30005,Blaine (MT)
30071,Phillips (MT)
30105,Valley (MT)
30019,Daniels (MT)
30091,Sheridan (MT)
38023,Divide (ND)
38013,Burke (ND)
38075,Renville (ND)
38009,Bottineau (ND)
38079,Rolette (ND)
38095,Towner (ND)
38019,Cavalier (ND)
38067,Pembina (ND)
27069,Kittson (MN)
27135,Roseau (MN)
27071,Koochiching (MN)
27137,North St. Louis (MN)
27075,Lake (MN)
27031,Cook (MN)
26083,Keweenaw (MI)
26003,Alger (MI)
26095,Luce (MI)
26033,Chippewa (MI)
26141,Presque Isle (MI)
26007,Alpena (MI)
26001,Alcona (MI)
26069,Iosco (MI)
26063,Huron (MI)
26151,Sanilac (MI)
26147,St. Clair (MI)
26099,Macomb (MI)
26163,Wayne (MI)
26115,Monroe (MI)
39094,East Lucas (OH)
39123,Ottawa (OH)
39093,Lorain (OH)
39035,Cuyahoga (OH)
39085,Lake (OH)
39007,Ashtabula (OH)
42049,Erie (PA)
36013,Chautauqua (NY)
36029,Erie (NY)
36063,Niagara (NY)
36073,Orleans (NY)
36055,Monroe (NY)
36117,Wayne (NY)
36011,Cayuga (NY)
36045,Jefferson (NY)
36089,St. Lawrence (NY)
36033,Franklin (NY)
36019,Clinton (NY)
50013,Grand Isle (VT)
50011,Franklin (VT)
50019,Orleans (VT)
50009,Essex (VT)
33007,Coos (NH)
23017,Oxford (ME)
23007,Franklin (ME)
23025,Somerset (ME)
23003,Aroostook (ME)
23004,Fort Kent (ME)
23003,Aroostook (ME)
23002,Houlton (ME)
23029,Washington (ME)
02005,Palmer (AK)
02005,Palmer (AK)
02005,Palmer (AK)
02005,Palmer (AK)
02005,Palmer (AK)
02005,Palmer (AK)
02005,Palmer (AK)
02005,Palmer (AK)
02005,Palmer (AK)
02005,Palmer (AK)
02005,Palmer (AK)
02005,Palmer (AK)
02005,Palmer (AK)
02002,Delta (AK)
02001,Yukon-Koyukuk Census Area (AK)
02001,North Slope Borough (AK)
27077,Lake of the Woods (MN)
